﻿--
-- Script was generated by Devart dbForge Studio for MySQL, Version 8.0.40.0
-- Product home page: http://www.devart.com/dbforge/mysql/studio
-- Script date 07/06/2023 11:41:38
-- Server version: 5.5.5-10.1.40-MariaDB
-- Client version: 4.1
--

-- 
-- Disable foreign keys
-- 
/*!40014 SET @OLD_FOREIGN_KEY_CHECKS=@@FOREIGN_KEY_CHECKS, FOREIGN_KEY_CHECKS=0 */;

-- 
-- Set SQL mode
-- 
/*!40101 SET @OLD_SQL_MODE=@@SQL_MODE, SQL_MODE='NO_AUTO_VALUE_ON_ZERO' */;

-- 
-- Set character set the client will use to send SQL statements to the server
--
SET NAMES 'utf8';

DROP DATABASE IF EXISTS bookmate;

CREATE DATABASE bookmate
CHARACTER SET latin1
COLLATE latin1_swedish_ci;

--
-- Set default database
--
USE bookmate;

--
-- Create table `estanterias`
--
CREATE TABLE estanterias (
  id int(11) NOT NULL AUTO_INCREMENT,
  nombre varchar(50) DEFAULT NULL,
  PRIMARY KEY (id)
)
ENGINE = INNODB,
AUTO_INCREMENT = 4,
AVG_ROW_LENGTH = 8192,
CHARACTER SET latin1,
COLLATE latin1_swedish_ci;

--
-- Create table `users`
--
CREATE TABLE users (
  id int(11) NOT NULL AUTO_INCREMENT,
  username varchar(100) DEFAULT NULL,
  email varchar(100) DEFAULT NULL,
  password varchar(50) DEFAULT NULL,
  authKey varchar(250) NOT NULL,
  accessToken varchar(50) NOT NULL,
  activate tinyint(1) NOT NULL DEFAULT 0,
  f_registro date DEFAULT NULL,
  biografia varchar(2500) DEFAULT NULL,
  verification_code varchar(250) NOT NULL,
  role int(11) NOT NULL DEFAULT 1,
  PRIMARY KEY (id)
)
ENGINE = INNODB,
AUTO_INCREMENT = 4,
AVG_ROW_LENGTH = 5461,
CHARACTER SET latin1,
COLLATE latin1_swedish_ci;

--
-- Create table `retos`
--
CREATE TABLE retos (
  id int(11) NOT NULL AUTO_INCREMENT,
  nombre varchar(50) DEFAULT NULL,
  f_inicio date DEFAULT NULL,
  f_fin date DEFAULT NULL,
  PRIMARY KEY (id)
)
ENGINE = INNODB,
AUTO_INCREMENT = 2,
AVG_ROW_LENGTH = 16384,
CHARACTER SET latin1,
COLLATE latin1_swedish_ci;

--
-- Create table `participaciones`
--
CREATE TABLE participaciones (
  id int(11) NOT NULL AUTO_INCREMENT,
  cod_user int(11) DEFAULT NULL,
  cod_reto int(11) DEFAULT NULL,
  objetivo int(11) DEFAULT 0,
  completado tinyint(1) NOT NULL DEFAULT 0,
  PRIMARY KEY (id)
)
ENGINE = INNODB,
AUTO_INCREMENT = 3,
AVG_ROW_LENGTH = 8192,
CHARACTER SET latin1,
COLLATE latin1_swedish_ci;

--
-- Create index `uk_users_retos` on table `participaciones`
--
ALTER TABLE participaciones
ADD UNIQUE INDEX uk_users_retos (cod_user, cod_reto);

--
-- Create foreign key
--
ALTER TABLE participaciones
ADD CONSTRAINT fk_participacion_retos FOREIGN KEY (cod_reto)
REFERENCES retos (id);

--
-- Create foreign key
--
ALTER TABLE participaciones
ADD CONSTRAINT fk_participacion_user FOREIGN KEY (cod_user)
REFERENCES users (id);

--
-- Create table `libros`
--
CREATE TABLE libros (
  id int(11) NOT NULL AUTO_INCREMENT,
  ISBN varchar(20) DEFAULT NULL,
  titulo varchar(100) DEFAULT NULL,
  sipnosis mediumtext DEFAULT NULL,
  num_pag int(11) DEFAULT NULL,
  f_publi date DEFAULT NULL,
  calificacion decimal(3, 1) DEFAULT NULL,
  PRIMARY KEY (id)
)
ENGINE = INNODB,
AUTO_INCREMENT = 33,
AVG_ROW_LENGTH = 2114,
CHARACTER SET latin1,
COLLATE latin1_swedish_ci;

--
-- Create table `generos`
--
CREATE TABLE generos (
  id int(11) NOT NULL AUTO_INCREMENT,
  cod_libro int(11) DEFAULT NULL,
  genero varchar(50) DEFAULT NULL,
  PRIMARY KEY (id)
)
ENGINE = INNODB,
AUTO_INCREMENT = 106,
AVG_ROW_LENGTH = 168,
CHARACTER SET latin1,
COLLATE latin1_swedish_ci;

--
-- Create index `uk_generos_libros` on table `generos`
--
ALTER TABLE generos
ADD UNIQUE INDEX uk_generos_libros (cod_libro, genero);

--
-- Create foreign key
--
ALTER TABLE generos
ADD CONSTRAINT fk_generos_libros FOREIGN KEY (cod_libro)
REFERENCES libros (id);

--
-- Create table `agregacion`
--
CREATE TABLE agregacion (
  id int(11) NOT NULL AUTO_INCREMENT,
  cod_libro int(11) NOT NULL,
  cod_user int(11) NOT NULL,
  cod_estanterias int(11) NOT NULL,
  f_agregado date NOT NULL,
  calificacion decimal(2, 1) NOT NULL,
  paginasleidas int(11) NOT NULL DEFAULT 0,
  PRIMARY KEY (id)
)
ENGINE = INNODB,
AUTO_INCREMENT = 20,
AVG_ROW_LENGTH = 1024,
CHARACTER SET latin1,
COLLATE latin1_swedish_ci;

--
-- Create index `uk_user_libro` on table `agregacion`
--
ALTER TABLE agregacion
ADD UNIQUE INDEX uk_user_libro (cod_libro, cod_user);

--
-- Create foreign key
--
ALTER TABLE agregacion
ADD CONSTRAINT fk_estanteria_agregar FOREIGN KEY (cod_estanterias)
REFERENCES estanterias (id);

--
-- Create foreign key
--
ALTER TABLE agregacion
ADD CONSTRAINT fk_libro_agregar FOREIGN KEY (cod_libro)
REFERENCES libros (id);

--
-- Create foreign key
--
ALTER TABLE agregacion
ADD CONSTRAINT fk_user_agregar FOREIGN KEY (cod_user)
REFERENCES users (id);

--
-- Create table `tags`
--
CREATE TABLE tags (
  id int(11) NOT NULL AUTO_INCREMENT,
  cod_agregar int(11) DEFAULT NULL,
  tag varchar(50) DEFAULT NULL,
  PRIMARY KEY (id)
)
ENGINE = INNODB,
AUTO_INCREMENT = 5,
AVG_ROW_LENGTH = 4096,
CHARACTER SET latin1,
COLLATE latin1_swedish_ci;

--
-- Create index `uk_agregar_tag` on table `tags`
--
ALTER TABLE tags
ADD UNIQUE INDEX uk_agregar_tag (cod_agregar, tag);

--
-- Create foreign key
--
ALTER TABLE tags
ADD CONSTRAINT fk_agregar_tag FOREIGN KEY (cod_agregar)
REFERENCES agregacion (id);

--
-- Create table `comentarios`
--
CREATE TABLE comentarios (
  id int(11) NOT NULL AUTO_INCREMENT,
  cod_agregar int(11) DEFAULT NULL,
  comentario mediumtext DEFAULT NULL,
  PRIMARY KEY (id)
)
ENGINE = INNODB,
AUTO_INCREMENT = 7,
AVG_ROW_LENGTH = 4096,
CHARACTER SET latin1,
COLLATE latin1_swedish_ci;

--
-- Create index `uk_comentarios_agregar` on table `comentarios`
--
ALTER TABLE comentarios
ADD UNIQUE INDEX uk_comentarios_agregar (cod_agregar, comentario (255));

--
-- Create foreign key
--
ALTER TABLE comentarios
ADD CONSTRAINT fk_comentarios_agregar FOREIGN KEY (cod_agregar)
REFERENCES agregacion (id) ON DELETE CASCADE ON UPDATE CASCADE;

--
-- Create table `escritores`
--
CREATE TABLE escritores (
  id int(11) NOT NULL AUTO_INCREMENT,
  nombre varchar(50) DEFAULT NULL,
  f_nacimiento date DEFAULT NULL,
  nacionalidad varchar(50) DEFAULT NULL,
  biografia varchar(2500) DEFAULT NULL,
  PRIMARY KEY (id)
)
ENGINE = INNODB,
AUTO_INCREMENT = 23,
AVG_ROW_LENGTH = 744,
CHARACTER SET latin1,
COLLATE latin1_swedish_ci;

--
-- Create table `escriben`
--
CREATE TABLE escriben (
  id int(11) NOT NULL AUTO_INCREMENT,
  cod_escritor int(11) DEFAULT NULL,
  cod_libro int(11) DEFAULT NULL,
  PRIMARY KEY (id)
)
ENGINE = INNODB,
AUTO_INCREMENT = 55,
AVG_ROW_LENGTH = 564,
CHARACTER SET latin1,
COLLATE latin1_swedish_ci;

--
-- Create index `uk_escritores_libros` on table `escriben`
--
ALTER TABLE escriben
ADD UNIQUE INDEX uk_escritores_libros (cod_escritor, cod_libro);

--
-- Create foreign key
--
ALTER TABLE escriben
ADD CONSTRAINT fk_escribir_escritores FOREIGN KEY (cod_escritor)
REFERENCES escritores (id) ON UPDATE CASCADE;

--
-- Create foreign key
--
ALTER TABLE escriben
ADD CONSTRAINT fk_escribir_libros FOREIGN KEY (cod_libro)
REFERENCES libros (id) ON UPDATE CASCADE;

-- 
-- Dumping data for table estanterias
--
INSERT INTO estanterias VALUES
(1, 'Leyendo'),
(2, 'Leído'),
(3, 'Quiero leer');

-- 
-- Dumping data for table users
--
INSERT INTO users VALUES
(1, 'Feyre', 'deirdre1990@gmail.com', 'fsFOa7lBd65Ns', '6f23794ea9493de5d205', '1539c00130281fa30231', 1, '2023-04-07', 'Amante del café y de los libros', '1decb540', 2),
(2, 'Bee', 'queenb@gmail.com', 'fsPIowGcf4hx2', 'e3379b7cf627adf9d703', 'ab1fba06d64ca3dc58ab', 1, '2023-04-15', 'Amante del café', '', 1),
(3, 'Petalo', 'd@gmail.com', 'fsPIowGcf4hx2', 'c922bdc5b14caea30de3', '572acf8ae993ba0e127a', 1, '2023-05-21', 'Me gustan los gatos y las tardes de lluvia para leer. Soy una apasionada de las novelas románticas, las comedias y un buen slowburn.', '', 1);

-- 
-- Dumping data for table retos
--
INSERT INTO retos VALUES
(1, '2023', '2023-01-01', '2023-12-31');

-- 
-- Dumping data for table libros
--
INSERT INTO libros VALUES
(1, '9788417421700', 'Sucedió un verano', 'Piper Bellinger es una influencer del mundo de la moda y su reputación de alocada hace que la persigan los paparazzi.De modo que la deja sin dinero y para que aprenda lo que es la responsabilidad, la envía… al estado de Washington, donde acabará regentando el bar de su difunto padre junto con su hermana.', 384, '2022-05-17', 4.3),
(2, '9788417390617', 'El príncipe cruel', 'Jude tenía siete años cuando sus padres fueron asesinados y, junto con sus dos hermanas, fue trasladada a la traicionera Corte Suprema del Reino Feérico.\r\nDiez años más tarde, lo único que Jude desea, a pesar de ser una mera mortal, es sentir que pertenece a ese lugar. Pero muchos de los habitantes desprecian a los humanos. Especialmente el Príncipe Cardan, el hijo más joven y perverso del Alto Rey.\r\nPara hacerse un hueco en la Corte, Jude deberá enfrentarse a él. Y afrontar las consecuencias. Como resultado, se verá envuelta en las intrigas y engaños del palacio, ademas de descubrir su propia habilidad para el derramamiento de sangre.', 464, '2018-11-19', 4.8),
(3, '9780307275301', 'Memorias de un geisha', 'En Memorias de una geisha entramos a un mundo donde las apariencias son de suma importancia, donde la virginidad de una niña es subastada al mejor postor, donde las mujeres son entrenadas para seducir a los hombres más poderosos y donde el amor es desdeñado como una mera ilusión. Es una obra de ficción única, romántica, erótica y de suspense absolutamente inolvidable.', 654, '1997-09-27', NULL),
(4, '9781476753188', 'Ugly Love', 'Cuando Tate Collins conoce al piloto de línea aérea Miles Archer, sabe que no es amor a primera vista. Ni siquiera irían tan lejos como para considerarse amigos. Lo único que Tate y Miles tienen en común es una innegable atracción mutua. Una vez que sus deseos salen a la luz, se dan cuenta de que tienen la configuración perfecta. Él no quiere amor, ella no tiene tiempo para el amor, así que solo queda el sexo. Su arreglo podría ser sorprendentemente perfecto, siempre que Tate pueda cumplir con las únicas dos reglas que Miles tiene para ella.', 397, '2014-08-05', NULL),
(5, '9781527225336', 'Heartstopper: dos chicos juntos', 'Dos chicos se conocen. Se hacen amigos. Se enamoran. ¿Por qué nos empeñamos en hacer complicadas las emociones más sencillas?\r\nEsta historia de amor entre dos chicos, uno de ellos declaradamente homosexual y el otro en vías de autodescubrimiento, nos recordará que hay primeros amores frágiles como el cristal y memorables como el diamante. Con los titubeos propios de cualquier amor adolescente, Heartstopper responde a la manera de sentir de los jóvenes reales, con una visión abierta, natural y sensible sobre el amor y la identidad sexual, sin perder nunca la delicadeza y la emoción.', 288, '2020-03-03', NULL),
(6, '9788408150275', 'Tal vez mañana', 'A los veintidós años, Sydney lo tiene todo: el novio perfecto, un futuro brillante y un bonito apartamento que comparte con su mejor amiga. Pero todo cambia el día en que Ridge, su misterioso y atractivo vecino músico, le advierte que su novio la engaña con su mejor amiga y Sydney debe decidir qué hacer con su vida. Sólo con lo puesto y sin recursos, Ridge la acoge en su casa y no deja de sorprenderla. Sydney vibra cuando él toca sus hermosas melodías y, aunque el corazón de Ridge está ocupado, él no puede ignorar que ha encontrado a su musa. Cuando finalmente se den cuenta de que se necesitan, entenderán que los sentimientos no pueden traicionar al corazón.', 560, '2022-05-15', NULL),
(7, '9780545424929', 'The Raven Boys: La profecía del cuervo', 'Cada año, la noche de San Marcos, Blue Sargent acompaña a su madre al camino de los espíritus para ver a los que morirán en los siguientes doce meses. Sin embargo, este año es distinto: Blue, la única de su familia que no tiene facultades adivinatorias, ha visto a uno de estos espíritus, y eso solo puede significar que es su amor verdadero o que lo va a matar.  Él se llama Gansey y es el estudiante más rico del colegio privado más elitista de la zona, la Academia Aglionby, cuyo emblema es un cuervo que todos los estudiantes llevan bordado en el jersey. Junto a Adam, un estudiante brillante, celoso del poder económico de sus compañeros; Ronan, un chico con problemas emocionales desde la muerte de su padre, y Noah, el observador taciturno que apenas habla, forman los chicos del cuervo, y están empeñados en descubrir la ubicación de la tumba del último rey galés, Glendower, el Rey Cuervo.  Blue sabe que debe mantenerse alejada de ellos, porque los chicos del cuervo siempre traen problemas. Aunque nunca podría imaginarse el siniestro y oscuro mundo que los rodea, donde la magia dejará de ser un juego para convertirse en una amenaza mortal.', 339, '2012-12-02', NULL),
(8, '9788416387588', 'Seis de cuervos', 'Kaz Brekker, un genio del crimen que regenta un antro de juegos de azar y apuestas conocido como el Club Cuervo, debe reunir a un grupo de seis personas con las habilidades necesarias para entrar (y salir) de la Corte de Hielo, una fortaleza inexpugnable que mantiene bajo llave un secreto que podría dinamitar el equilibrio de poder en el mundo.\r\nEs probable que nadie sobreviva a esta misión, pero si quiere hacerse rico más allá de lo que alcanza su imaginación, Kaz va a tener que jugárselo todo a una sola carta. Y esa carta es un Seis de Cuervos.', 544, '2015-09-29', NULL),
(9, '9788418945182', 'La hipótesis del amor', 'Una relación falsa entre dos científicos se topa con la irresistible fuerza de la atracción Olive Smith es una doctoranda de tercer año que no cree en las relaciones amorosas duraderas, pero su mejor amiga, Ahn, sí, y por eso Olive se ha metido en un lío monumental. A Ahn le gusta el exnovio de Olive, pero jamás daría el primer paso porque es una buena amiga. Convencerla de que ha pasado página y de que está construyendo su «fueron felices y comieron perdices» no va a resultarle nada fácil a Olive, puesto que los científicos necesitan pruebas. Por eso, como cualquier mujer con un mínimo de amor propio, se deja llevar por el pánico y besa al primer hombre con el que se encuentra para que Ahn la vea. Ese hombre es nada más y nada menos que Adam Carlsen, un joven profesor tan reputado por la calidad de su trabajo como por su imbecilidad. Así que Olive se queda de piedra cuando Carlsen accede a mantener su farsa en secreto y ser su novio falso. Sin embargo, después de que un importante congreso científico se convierta en un desastre y Adam vuelva a sorprenderla con su apoyo inquebrantable (y sus inquebrantables abdominales), su pequeño experimento se acerca peligrosamente al punto de combustión. Olive no tarda en descubrir que la única cosa más complicada que una hipótesis sobre el amor es analizar su propio corazón bajo el microscopio.', 652, '2016-09-27', NULL),
(10, '9788466636483', 'Fiebre oscura', 'MacKayla Lane no se puede quejar: tiene buenas amistades, un trabajo que no está mal y un coche que sólo se le avería un par de veces al mes. En otras palabras, es la típica mujer del siglo XXI. Pero cuando su hermana es asesinada, Mac decide ir a Irlanda en busca de una respuesta. Su investigación la arrastra a un oscuro reino donde nada es lo que parece, donde el bien y el mal presentan la misma máscara seductora. Mac no tardará en hacer frente a un desafío aún mayor: seguir viva el tiempo suficiente para aprender a servirse de un poder que desconocía y que le permite ver más allá del reino del hombre, dentro del peligroso reino de las criaturas mágicas...', 350, '2006-10-31', NULL),
(11, '9788412483703', 'La caricia de la oscuridad', 'Perséfone es la diosa de la primavera, aunque solo de nombre porque la realidad es que, desde que puede recordar, las flores se marchitan bajo su toque. Ante la incapacidad de usar sus poderes de diosa, decide mudarse a Nueva Atenas disfrazada como una periodista mortal con la intención de llevar una vida sin complicaciones.\r\nHades, dios de los muertos, posee un gran imperio del juego en el mundo de los mortales. Entre picas y corazones, los rumores se hacen oír y afirman que sus apuestas favoritas son aquellas imposibles de ganar.\r\nUn fortuito encuentro entre Perséfone y Hades atrapa a la diosa en un contrato de términos imposibles: debe crear vida en el Inframundo o perderá su libertad para siempre. Pero la apuesta hará algo más que exponer el fracaso de Perséfone como diosa. Al tiempo que las semillas de su libertad se esfuerzan por florecer, sus sentimientos hacia Hades crecen sin poder evitarlo, a pesar de saber que están... prohibidos. ', 352, '2019-05-23', NULL),
(12, '9789504948629', 'Una Corte de Rosas y Espinas', 'Feyre, una cazadora de diecinueve años, mata a un lobo en el bosque. Como consecuencia, una criatura monstruosa llega buscando venganza y la arrastra a una tierra encantada que solo conoce a través de las leyendas. Allí descubre que su captor no es un animal, sino Tamlin, uno de los letales fae.\r\nEn su cautiverio, se dará cuenta de que lo que siente por él pasa de la fría hostilidad a una pasión que arderá a pesar de las advertencias que ha recibido. Pero una antigua y siniestra sombra crece en esta extraña tierra, y Feyre deberá encontrar la forma de detenerla o Tamlin y su mundo estarán condenados para siempre.', 456, '2015-05-05', NULL),
(13, '9788417854331', 'El reino de los malditos', 'Emilia y su hermana gemela Vittoria son streghe: brujas que viven en secreto entre los humanos, evitando llamar la atención y ser perseguidas. Pero una noche, Vittoria se pierde el turno de la cena en el famoso restaurante siciliano que regenta la familia. Y Emilia pronto encuentra el cuerpo de su querida gemela... profanado más allá de lo imaginable. Devastada, se propone encontrar al asesino de su hermana y conseguir venganza a cualquier precio, incluso si eso significa usar magia oscura, que lleva mucho tiempo prohibida.', 416, '2022-01-11', 4.5),
(14, '9788412477085', 'Farsa de amor a la española', '<p><span style="text-align: start;">Cuatro semanas no son demasiado para encontrar a alguien dispuesto a acompañarte a la boda de tu hermana al otro lado del Atlántico, y menos aún si tiene que fingir que te ama. Suena ridículo, sí, pero lo es aún más que Aaron Blackford, el compañero de trabajo al que Catalina no soporta, se ofrezca a hacerlo.</span><br style="background-repeat: no-repeat; box-sizing: inherit; text-align: start;"><br style="background-repeat: no-repeat; box-sizing: inherit; text-align: start;"><span style="text-align: start;">Pero Lina está desesperada, y deberá sopesar qué es peor: aguantar a Aaron, con su aire petulante y sus ojos de hielo, o admitir a su familia que ha mentido y que es todo una farsa.</span><br style="background-repeat: no-repeat; box-sizing: inherit; text-align: start;"><br style="background-repeat: no-repeat; box-sizing: inherit; text-align: start;"><span style="text-align: start;">Como diría su abuela: que Dios nos pille confesados.</span><br></p>', 504, '2022-08-23', NULL),
(15, '9788416517275', 'Los siete maridos de Evelyn Hugo', '<p><span style="text-align: start;">Evelyn Hugo, el ícono de Hollywood que se ha recluido en su edad madura, decide al fin contar la verdad sobre su vida llena de glamour y de escándalos. Pero cuando elige para ello a Monique Grant, una periodista desconocida, nadie se sorprende más que la misma Monique. ¿Por qué ella? ¿Por qué ahora? </span></p><p><span style="text-align: start;">Monique no está precisamente en su mejor momento. Su marido la abandonó, y su vida profesional no avanza. Aun ignorando por qué Evelyn la ha elegido para escribir su biografía, Monique está decidida a aprovechar esa oportunidad para dar impulso a su carrera.Convocada al lujoso apartamento de Evelyn, Monique escucha fascinada mientras la actriz le cuenta su historia. </span></p><p><span style="text-align: start;">Desde su llegada a Los Ángeles en los años 50 hasta su decisión de abandonar su carrera en el espectáculo en los 80 -y, desde luego, los siete maridos que tuvo en ese tiempo- Evelyn narra una historia de ambición implacable, amistad inesperada, y un gran amor prohibido. Monique empieza a sentir una conexión muy real con la actriz legendaria, pero cuando el relato de Evelyn se acerca a su fin, resulta evidente que su vida se cruza con la de Monique de un modo trágico e irreversible.</span><br></p>', 672, '2022-03-03', 0.0),
(16, '9788417854317', 'De sangre y ceniza', '<p><span style="text-align: start;">Una Doncella…</span><br style="text-align: start;"><br style="text-align: start;"><span style="text-align: start;">Elegida desde su nacimiento para dar comienzo a una nueva era, la vida de Poppy nunca le ha pertenecido. La vida de la Doncella es solitaria. Jamás la tocarán. Jamás la mirarán. Jamás le hablarán. Jamás sentirá placer. Mientras espera al día de su Ascensión, preferiría estar con los guardias luchando contra el mal que se llevó a su familia que preparándose para que los dioses la encuentren lo bastante digna. Pero la elección nunca ha sido suya.</span><br style="text-align: start;"><br style="text-align: start;"><span style="text-align: start;">Un deber...</span><br style="text-align: start;"><br style="text-align: start;"><span style="text-align: start;">El futuro del reino entero recae sobre los hombros de Poppy, algo que ni siquiera está demasiado segura de querer para ella. Porque una Doncella tiene corazón. Y alma. Y deseo. Y cuando Hawke, un guardia de ojos dorados que ha jurado asegurar su Ascensión, entra en su vida, el destino y el deber se entremezclan con el deseo y la necesidad. Él incita su ira, hace que se cuestione todo aquello en lo que cree y la tienta con lo prohibido.</span><br style="text-align: start;"><br style="text-align: start;"><span style="text-align: start;">Un reino…</span><br style="text-align: start;"><br style="text-align: start;"><span style="text-align: start;">Abandonado por los dioses y temido por los mortales, un reino caído está surgiendo de nuevo, decidido a recuperar lo que cree que es suyo mediante la violencia y la venganza. Y a medida que la sombra de los malditos se acerca, la línea entre lo prohibido y lo correcto se difumina. Poppy no solo está a punto de perder el corazón y ser considerada indigna por los dioses, sino que también está a punto de perder la vida cuando los ensangrentados hilos que mantienen unido su mundo empiezan a deshilacharse.</span><br></p>', 672, '2021-10-05', NULL),
(17, '9788420452883', 'Casa de Tierra y Sangre', '<p style="background-repeat: no-repeat; box-sizing: inherit; margin-bottom: 16px; word-break: normal !important;">Bryce Quinlan tenía la vida perfecta, trabajando cada día y saliendo cada noche, hasta que un demonio asesinó a sus amigos y la dejó vacía, herida y sola. Cuando el acusado está entre rejas, pero los crímenes continúan, Bryce hará lo que sea para vengar sus muertes.</p><p style="background-repeat: no-repeat; box-sizing: inherit; margin-bottom: 16px; word-break: normal !important;">Hunt Athalar es un ángel caído, esclavo de los arcángeles a los que una vez intentó destronar. Sus brutales habilidades sirven ahora para un solo propósito: acabar con los enemigos de su dueño. Pero entonces Bryce le ofrece un trato irresistible: si la ayuda a encontrar al demonio asesino, su libertad estará al alcance de su mano.</p><p style="background-repeat: no-repeat; box-sizing: inherit; margin-bottom: 16px; word-break: normal !important;">Mientras Bryce y Hunt investigan en las entrañas de Ciudad Medialuna, descubren dos cosas: un poder oscuro que amenaza todo lo que desean proteger y una atracción feroz que podría liberarlos a ambos.</p>', 800, '2020-09-17', NULL),
(18, '9788418359286', 'Trono de cristal', '<p style="background-repeat: no-repeat; box-sizing: inherit; margin-bottom: 16px; word-break: normal !important;"><span style="text-align: start;">En las tenebrosas minas de sal de Endovier, una muchacha de dieciocho años cumple cadena perpetua. Es una asesina profesional, la mejor en lo suyo, pero ha cometido un error fatal. La han capturado. El joven capitán Westfall le ofrece un trato: la libertad a cambio de un enorme sacrificio. Celaena debe representar al príncipe en un torneo a muerte, en el que deberá luchar con los asesinos y ladrones más peligrosos del reino. Viva o muerta, Celaena será libre. Tanto si gana como si pierde, está a punto de descubrir su verdadero destino. Pero ¿qué pasará entretanto con su corazón de asesina?</span><br></p>', 528, '2020-11-02', NULL),
(19, '9788408225621', 'Verity', '<p><span style="text-align: start;">Suspense de alto voltaje.Adictiva y con un twist final inesperado, consigue mantener en vilo al lector hasta el final.</span><br style="background-repeat: no-repeat; box-sizing: inherit; text-align: start;"></p><p style="background-repeat: no-repeat; box-sizing: inherit; margin-bottom: 16px; word-break: normal !important;">Lowen Ashleigh, autora al borde de la bancarrota, recibe un encargo que le cambiará la vida: Jeremy, el flamante marido de Verity Crawford, una de las autoras más importantes del momento, la contrata para terminar la serie de libros en la que trabajaba su mujer antes de sufrir un grave accidente que la ha dejado en coma. Lowen se instala en la mansión del matrimonio para poder trabajar en las notas en las que trabajaba Verity, con la esperanza de encontrar material suficiente para empezar con su encargo, pero lo que no esperaba descubrir en la caótica oficina es una autobiografía de la propia Verity, escondida para que nunca salga a la luz.</p>', 368, '2020-06-23', NULL),
(20, '9788417552589', 'Todos quieren a Daisy Jones', '<p><span style="text-align: start;">«No soy la musa de alguien. No soy una musa. Soy ese alguien.» Ella es la estrella del rock más importante del planeta. Todos tienen una opinión sobre ella. Todos sueñan con ella. Todos buscan ser como ella. Todos quieren algo de ella. Todos quieren a Daisy Jones.</span><br></p>', 432, '2020-11-02', NULL),
(21, '9788408263753', 'Persuasión', '<p><span style="background-repeat: no-repeat; box-sizing: inherit; text-align: start;">Persuasión</span><span style="text-align: start;">, la última novela que nos legó Jane Austen, narra la noble historia de amor que brotó entre Anne Elliot y el capitán Wentworth. Tras las exitosas maniobras de la familia de Anne para persuadirla de que lo rechace por su baja condición social, la joven pareja se separa. Pero las penosas circunstancias en las que se ve envuelta la familia de sir Elliot propician, tras algunos años apartada, que la vieja pareja vuelva a encontrarse.</span><br></p>', 336, '1817-12-20', NULL),
(22, '9788484284888', 'Orgullo y Prejuicio', '<p><span style="text-align: left;">La señora Bennet ha criado a sus cinco hijas con el único deseo de encontrar marido. La llegada al vecindario de Charles Bingley, un joven rico y soltero, con algunas amistades despierta el interés de las hermanas Bennet y de las familias vecinas, que verán una excelente oportunidad para cumplir su propósito. Elizabeth, una de las hijas de los Bennet, empezará una singular relación con Darcy, uno de los amigos de Bingley, que desencadenará esta historia de orgullo y prejuicios entre los dos hasta llegar a conocer el verdadero amor.</span><br></p>', 448, '1813-01-28', NULL),
(23, '9788418359781', 'El tributo', '<p><span style="text-align: start;">Nadie está a salvo.</span><br style="background-repeat: no-repeat; box-sizing: inherit; text-align: start;"><span style="text-align: start;">A sus dieciséis años, Kaye es una nómada moderna. Atrevida e independiente, viaja de ciudad en ciudad con la banda de rock de su madre hasta que un terrible ataque la fuerza a volver a la casa de su infancia. Allí, en mitad de un barrio obrero de Nueva Jersey, Kaye se verá convertida en un mero peón dentro de una lucha de poder entre dos reinos feéricos rivales. Y esa lucha de poder podría acabar costándole la vida.</span><br></p>', 380, '2021-11-15', NULL),
(24, '9788417390624', 'El rey malvado', '<p><span style="text-align: start;">Tras descubrir que Oak es el legítimo heredero de Faerie, Jude hará lo posible por mantener a su hermano pequeño a salvo. Para ello, se ha convertido en el poder a la sombra del reinado de Cardan. Sin embargo, Cardan hace todo lo posible por humillarla y menospreciarla a pesar de que su fascinación por ella sigue intacta. Cuando es más que evidente para Jude que alguien cercano a ella pretende traicionarla, tratará de averiguar de quién se trata mientras lucha por mantener a raya sus sentimientos por Cardan.</span><br></p>', 336, '2019-11-25', NULL),
(25, '9788418359262', 'La novena casa', '<p><span style="text-align: start;">Una historia de poder, magia oscura y asesinatos ambientada entre la élite de la Ivy League. Galaxy "Alex" Stern es sin duda alguien a quien muchos no esperarían ver en Yale. Criada en Los Ángeles por una madre hippie, Alex abandonó la escuela temprano y se perdió en un mundo de novios sombríos, traficantes de drogas, trabajos sin salida y cosas mucho, mucho peores. De hecho, a los veinte años, ella es la única superviviente de un horrible homicidio múltiple sin resolver. Quizá ha tirado su vida a la basura. Pero en su cama del hospital, a Alex se le ofrece una segunda oportunidad: asistir a una de las universidades más prestigiosas del mundo. Pero ¿cuál es el truco y por qué ella?</span><br></p>', 524, '2022-12-11', 3.5),
(26, '9788419266286', 'Babel', '<p><span style="text-align: start;">1828. El Instituto Real de Traducción de Oxford, también conocido como Babel, es la institución mágica más importante del mundo. La magia con plata capaz de revelar significados ocultos perdidos en la traducción que allí se practica le ha otorgado al Imperio británico un poder sin parangón. Robin, un huérfano cantonés que ha terminado siendo alumno en Babel, se ha dado cuenta de que servir a Babel significa traicionar a su país de origen. Y, a medida que sus estudios progresan, se ve atrapado entre Babel y la misteriosa Sociedad de Hermes, una organización dedicada a impedir la expansión imperial. Cuando Gran Bretaña trate de iniciar una injusta guerra con China motivada por el opio y la plata, Robin deberá decidir si la única forma de lograr un cambio real es la violencia.</span><br></p>', 700, '2022-11-28', NULL),
(27, '9788419266170', 'Dorado', '<p><span style="text-align: start;">Hace muchos años, maldecida por el dios de las mentiras, la hija de un pobre molinero desarrolló un asombroso talento para crear historias increíbles? y totalmente falsas.Cuando uno de los relatos de Serilda capta la atención del Erlking, el rey oscuro, y sus cazadores no muertos, la joven se ve arrastrada a un mundo de criaturas terribles y extraordinarias. El rey oscuro le encomienda la tarea imposible de transformar la paja en oro o ser ejecutada por contar falsedades. Desesperada, Serilda invoca a un misterioso chico para que la ayude. Y él acepta hacerlo? a cambio de algo. Pero el amor no formaba parte del trato?Muy pronto Serilda descubrirá que hay más de un secreto oculto tras las paredes del Castillo, incluida una antigua maldición que debe romper si quiere acabar con la tiranía del rey y sus siniestros cazadores para siempre.</span><br></p>', 480, '2022-11-14', NULL),
(28, '9788418173745', 'Forastera', '<p style="background-repeat: no-repeat; box-sizing: inherit; margin-bottom: 16px; word-break: normal !important;"><span style="background-repeat: no-repeat; box-sizing: inherit;">Comienza la historia de Claire Randal...</span></p><p style="background-repeat: no-repeat; box-sizing: inherit; margin-bottom: 16px; word-break: normal !important;">Recién acabada la Segunda Guerra Mundial, una joven pareja se reúne por fin para pasar sus vacaciones en Escocia. Una tarde, cuando pasea sola por la pradera, Claire se acerca a un círculo de piedras antiquísimas y cae de pronto en un extraño trance. Al volver en sí se encuentra con un panorama desconcertante: el mundo moderno ha desaparecido, ahora la rodea la Escocia de 1734, con sus clanes beligerantes y supersticiosos, hombres y mujeres rudos, a veces violentos, pero con una capacidad de vivir y de amar como Claire jamás había experimentado en su anterior vida. Acosada por los recuerdos, Claire tendrá que elegir entre la seguridad del futuro que dejó atrás y la apasionante incertidumbre del pasado que ahora habita.</p><p style="background-repeat: no-repeat; box-sizing: inherit; margin-bottom: 16px; word-break: normal !important;">En esta primera parte de la saga de Claire Randall -que continúa con<font color="rgba(0, 0, 0, 0.87)" face="Work Sans, Source Sans Pro, -apple-system, BlinkMacSystemFont, Segoe UI, Roboto, Helvetica Neue, Arial, sans-serif"><span style="background-repeat: no-repeat; box-sizing: inherit;">Atrapada en el tiempo</span>,<span style="background-repeat: no-repeat; box-sizing: inherit;">Viajera</span>&nbsp;y<span style="background-repeat: no-repeat; box-sizing: inherit;">Tambores de otoño</span></font>-, Diana Gabaldon ha escrito una historia de amor diferente, en la que los encuentros fortuitos y el juego equívoco del tiempo se conjugan en un intrigante final.</p>', 768, '2021-06-10', NULL),
(29, '9788496829077', 'La historiadora', '<p><span style="text-align: start;">Su nombre despierta terror&nbsp;en el corazón de los hombre. A lo largo de siglos, se le ha considerado un mito. Ahora, alguien se atreve a buscarlo a través de los rincones más oscuros de Europa y Asia y buceando en lo más remotos pasajes de la historia.</span><br style="background-repeat: no-repeat; box-sizing: inherit; text-align: start;"><span style="text-align: start;">Durante años, Paul fue incapaz de contarle a su hija la verdad sobre la obsesión que ha guiado su vida. Ahora, entre sus papeles, ella descubre una historia que comenzó con la extraña desaparición del mentor de Paul, el profesor Rossi. Tras las huellas de su querido maestro, Paul recorrió antiguas bibliotecas de Estambul, monasterios en ruinas en Rumania, remotas aldeas en Bulgaria... Cuanto más se acercaba a Rossi, más se aproximaba también a un misterio que había aterrorizado incluso a los poderosos sultanes otomanos, y que aún hace temblar a los campesinos de Europa del Este. Un misterio que ha dejado un rastro sangriento en manuscritos, viejos libros y canciones susurradas al oído. Para Paul y su hija llegar al final de la búsqueda puede significar un destino mucho peor que la muerte. Porque a cada paso que dan, se convencen más de que él les está esperando. Y en sus corazones, retumba una pregunta angustiosa... ¿Es posible que la tumba de Vlad el Emperador esconda algo más que el cuerpo de un asesino legendario?</span><br></p>', 704, '2005-09-16', NULL),
(30, '9788491050582', 'Emma', '<p style="background-repeat: no-repeat; box-sizing: inherit; margin-bottom: 16px; word-break: normal !important;"><span style="background-repeat: no-repeat; box-sizing: inherit;">Emma</span>&nbsp;cuenta la historia de una inteligente y laboriosa joven empeñada en hacer de celestina de todas sus amistades.</p><p style="background-repeat: no-repeat; box-sizing: inherit; margin-bottom: 16px; word-break: normal !important;">Cuando su institutriz, amiga y confidente decide contraer matrimonio, Emma Woodhouse se queda sola con sus propios sentimientos y se enfrenta al vacío de su vida y a la penosa tarea de intentar que los demás lleven una vida tan perfecta como la suya. Todos sus trabajos de manipulación sentimental crean a su alrededor una telaraña de enredos, malentendidos y confusiones que ponen a prueba su propia confianza en sí misma.</p><p style="background-repeat: no-repeat; box-sizing: inherit; margin-bottom: 16px; word-break: normal !important;">Novela exquisita y espléndido retrato de la Inglaterra de provincias de principios del siglo XIX,<font color="rgba(0, 0, 0, 0.87)" face="Work Sans, Source Sans Pro, -apple-system, BlinkMacSystemFont, Segoe UI, Roboto, Helvetica Neue, Arial, sans-serif"><span style="background-repeat: no-repeat; box-sizing: inherit;">Emma</span></font>&nbsp;es una obra imperecedera y su protagonista ocupa uno de los lugares de honor en la galería de inolvidables heroínas de la literatura universal.</p>', 512, '2023-03-11', NULL),
(31, '9788417390631', 'La reina de nada', '<p><span style="text-align: start;">La exiliada reina mortal de Faerie, Jude, ya no tiene poder alguno y aún está recuperándose de la traición que ha sufrido. Pero está decidida a recuperar todo lo que le han arrebatado. Y su oportunidad llega cuando su hermana Taryn le pide ayuda porque su vida está en peligro. Jude deberá regresar a la traicionera corte de Faerie si quiere salvar a su hermana. Pero Elfhame no está como antes de que Jude se fuera. La guerra es inminente. Y Jude va a tener que entrar en territorio enemigo para retomar el sangriento juego de poder de los inmortales. Y, cuando una poderosa maldición se desate y cunda el pánico, Jude deberá elegir entre consumar su ambición o conservar su humanidad</span><br></p>', 432, '2020-09-18', NULL),
(32, '9788492918287', 'A la caza de Jack el Destripador', '<p><span style="text-align: start;">Esta deliciosa y espeluznante novela de terror tiene una trama inspirada en los asesinatos de Jack el Destripador y un final inesperado que te helará la sangre.</span></p><p><span style="text-align: start;">Audrey Rose Wadsworth, de diecisiete años, nació como la hija de un Lord, con toda una vida de riqueza y privilegios por delante. Pero entre las fiestas de té y los vestidos de seda lleva una vida secreta prohibida.En contra de los deseos de su severo padre y las expectativas de la sociedad, Audrey se escapa frecuentemente al laboratorio de su tío para estudiar la espantosa práctica de la medicina forense. Cuando su trabajo en una serie de cadáveres asesinados salvajemente la arrastra a la investigación de un asesino serial, su búsqueda de respuestas la llevará muy cerca de su propio mundo protegido.</span></p>', 352, '2019-02-04', NULL);

-- 
-- Dumping data for table escritores
--
INSERT INTO escritores VALUES
(1, 'Kerri Maniscalco', NULL, 'Estados Unidos', 'Kerri Maniscalco creció en una casa semi-embrujada en las afueras de Nueva York, donde comenzó su fascinación por los escenarios góticos. \r\n\tEn su tiempo libre, lee todo lo que tiene a su alcance, cocina todo tipo de comida con su familia y amigos, y bebe demasiado té mientras discute los puntos más finos de la vida con sus gatos.'),
(2, 'Ali Hazelwood', NULL, 'Italia', 'Soy Ali y escribo novelas de comedia romántica contemporáneas sobre mujeres en STEM y la academia. Me encantan los gatos, la Nutella y las colas de caballo laterales. \r\n\tActualmente también estoy aprendiendo a hacer ganchillo, así que como pueden ver, ¡soy una chica súper ocupada con una vida intensa y emocionante!'),
(3, 'Taylor Jenkins Reid', '1983-12-20', 'Estados Unidos', 'Taylor Jenkins Reid es una escritora, productora de televisión y guionista estadounidense. \r\n\tEscribe principalmente romance y sus obras más destacadas son Los siete maridos de Evelyn Hugo y Todos quieren a Daisy Jones.'),
(4, 'Elena Armas', NULL, 'España', ' Es una escritora española, una romántica empedernida confesa y, para consternación del Sr. B, una orgullosa acaparadora de libros.'),
(5, 'Sarah J. Maas', '1986-03-05', 'Estados Unidos', 'Sarah J. Maas es la autora número 1 del New York Times y autora de bestsellers internacionales de las series Crescent City, \r\n\tUna Corte de Rosas y Espinas, y Trono de Cristal. Sus libros han vendido más de doce millones de copias y se publican en treinta y siete idiomas. \r\n\tNativa de Nueva York, Sarah vive en Filadelfia con su esposo, hijo y perro.'),
(6, 'Scarlett St. Clair', '0000-00-00', 'Estados Unidos', 'Tiene una Maestría en Biblioteconomía y Estudios de la Información y una Licenciatura en Escritura en Inglés. \tEstá obsesionada con la mitología griega, los misterios de asesinatos y el más allá.'),
(7, 'Karen Marie Moning', '1964-11-01', 'Estados Unidos', 'Karen Marie Moning es la autora número 1 en ventas del New York Times de las novelas Fever Series y Highlander.'),
(8, 'Leigh Bardugo', '1975-04-06', 'Israel', 'Leigh Bardugo es la autora número 1 en ventas del New York Times de Ninth House y la creadora de Grishaverse (ahora una serie original de Netflix) \r\n\tque abarca la trilogía Shadow and Bone, la duología Six of Crows, la duología King of Scars y mucho más. \r\n\tVive en Los Ángeles y es miembro asociado del Pauli Murray College de la Universidad de Yale.'),
(9, 'Maggie Stiefvater', '1981-11-18', 'Estados Unidos', 'Autor superventas del New York Times de The Shiver Trilogy, The Raven Cycle y The Scorpio Races. Artista. Conductor de cosas con ruedas. Ávido lector.'),
(10, 'Holly Black', '1971-11-10', 'Estados Unidos', 'Holly Black es la autora número uno en ventas del New York Times con más de treinta novelas de fantasía para niños y adolescentes. \r\n\tHa sido finalista de un premio Eisner y un premio Lodestar, y recibió el premio Mythopoeic, un Nebula y un Newbery Honor. Sus libros han sido traducidos a 32 idiomas en todo el mundo y adaptados al cine. \r\n\tActualmente vive en Nueva Inglaterra con su esposo e hijo en una casa con una biblioteca secreta.'),
(11, 'Alice Oseman', '1994-10-16', 'Inglaterra', 'Alice Oseman es una galardonada autora, ilustradora y guionista. Ha escrito cuatro novelas contemporáneas YA sobre desastres adolescentesR. \r\n\tEs la creadora del webcomic romántico LGBTQ+ HEARTSTOPPER, , y es la escritora, creadora y productora ejecutiva de la adaptación televisiva de HEARTSTOPPER, que se lanzará en Netflix.'),
(12, 'Colleen Hoover', '1979-12-11', 'Estados Unidos', 'Autor internacional y número 1 en ventas del New York Times de romance, novela juvenil, suspenso, ficción femenina y romance paranormal.'),
(13, 'Tessa Bailey', NULL, 'Estados Unidos', 'Tessa Bailey, autora de éxitos de ventas del New York Times, puede resolver todos los problemas excepto el suyo propio, por lo que enfoca esos esfuerzos en hombres testarudos y \r\n\tficticios de cuello azul y en heroínas leales y adorables. Vive en Long Island evitando el sol y las interacciones sociales, luego se pregunta por qué nadie la ha llamado. \r\n\tApodada el "Miguel Ángel de la charla sucia" por Entertainment Weekly, Tessa escribe con especia, espíritu, desmayo y un felices para siempre garantizado.'),
(14, 'Arthur Golden', '1956-12-06', 'Estados Unidos', 'Arthur Golden nació en Chattanooga, Tennessee, y se educó en la Universidad de Harvard, donde recibió una licenciatura en historia del arte, especializándose en arte japonés. \r\n\tEn 1980 obtuvo una maestría en historia japonesa de la Universidad de Columbia, donde también aprendió chino mandarín. Después de un verano en la Universidad de Beijing, trabajó en Tokio y, después de regresar a los Estados Unidos, \r\n\tobtuvo una maestría en inglés de la Universidad de Boston. Reside en Brookline, Massachusetts, con su esposa y sus dos hijos.'),
(15, 'Jennifer L. Armentrout', '1980-06-11', 'Estados Unidos', 'Es una escritora estadounidense de romance contemporáneo, new adult y fantasía. Varias de sus obras han aparecido en la lista de los más vendidos del New York Times . '),
(16, 'Jane Austen', '1775-12-16', 'Inglaterra', 'Una novelista británica que vivió durante la época georgiana. La ironía que empleaba para dotar de comicidad a sus novelas hace que Jane Austen sea considerada entre los clásicos de la novela inglesa, a la vez que su recepción va, incluso en la actualidad, más allá del interés académico, siendo sus obras leídas por un público más amplio.'),
(17, 'R. F. Kuang', '1996-05-29', 'China', 'Rebecca F. Kuang es una traductora y autora nominada a los premios Hugo, Nebula, Locus y World Fantasy por la trilogía Poppy War y Babel. Tiene un MPhil en Estudios Chinos de Cambridge y un master en Estudios Chinos Contemporáneos de Oxford; ahora está cursando un doctorado en Lenguas y Literaturas de Asia Oriental en Yale.'),
(18, 'Marissa Meyer', '1984-02-19', 'Estados Unidos', 'Marissa Meyer es una escritora estadounidense nacida en Tacoma, sus obras más conocidas son las novelas Cinder y Winter primer y ante penúltimo libro de la saga literaria futurista Crónicas Lunares.'),
(19, 'Diana Gabaldon', '1952-01-11', 'Estados Unidos', 'Diana Gabaldon es una escritora estadounidense conocida por la saga de novelas Forastera. En sus libros se desarrolla una trama que mezcla varios estilos como pueden ser la ficción histórica, la novela romántica, el misterio, la aventura y la fantasía'),
(20, 'Elizabeth Kostova', '1994-05-06', 'Estados Unidos', 'Elizabeth Kostova es una escritora estadounidense de origen eslovaco, casada con un científico búlgaro con quien tiene tres hijos. Es autora de la novela La historiadora (2005), una aventura histórica que narra la búsqueda de Vlad Draculea, El Empalador, a lo largo del siglo XX. ganó el premio Hopwood por esta novela.'),
(21, 'Tahereh Mafi', '1988-11-09', 'Estados Unidos', 'Tahereh Mafi es una escritora iraní-estadounidense, conocida por escribir&nbsp;<span style="background-position: initial; background-size: initial; background-repeat: initial; background-attachment: initial; background-origin: initial; background-clip: initial;">ficción para adultos jóvenes</span>.'),
(22, 'Shelby Mahurin', '1992-05-21', 'Estados Unidos', '<p><span style="text-align: start;">Es una autora estadounidense de ficción que escribe principalmente para un público adulto joven. Saltó a la fama por su obra de literatura fantástica&nbsp;</span><span style="background-image: initial; background-position: 0px 0px; background-size: initial; background-repeat: initial; background-attachment: initial; background-origin: initial; background-clip: initial; outline-color: initial; outline-style: initial; text-align: start;">Serpent &amp; Dove</span><span style="text-align: start;">, publicada originalmente en inglés en el año 2019.&nbsp;</span><br></p>');

-- 
-- Dumping data for table agregacion
--
INSERT INTO agregacion VALUES
(1, 1, 1, 2, '2023-05-06', 4.5, 115),
(2, 4, 2, 2, '2023-05-20', 3.5, 0),
(3, 14, 1, 2, '2023-05-25', 5.0, 0),
(4, 13, 1, 2, '2023-04-18', 4.5, 0),
(5, 23, 1, 3, '2023-05-23', 0.0, 0),
(6, 26, 2, 2, '2023-04-19', 0.0, 0),
(7, 15, 2, 2, '2023-05-20', 0.0, 0),
(8, 30, 1, 2, '2023-05-06', 0.0, 510),
(9, 26, 1, 2, '2023-05-21', 0.0, 300),
(10, 6, 1, 3, '2023-05-06', 0.0, 0),
(11, 15, 1, 2, '2023-05-22', 4.0, 672),
(12, 2, 1, 3, '2023-05-23', 5.0, 20),
(13, 2, 2, 3, '2023-05-22', 5.0, 0),
(16, 17, 1, 3, '2023-05-23', 0.0, 0),
(17, 16, 1, 1, '2023-05-25', 4.5, 300),
(18, 25, 1, 2, '2023-05-27', 5.0, 0),
(19, 5, 1, 3, '2023-06-03', 3.0, 0);

-- 
-- Dumping data for table tags
--
INSERT INTO tags VALUES
(2, 3, 'Favoritos'),
(1, 12, 'Fantasía'),
(3, 17, 'Fantasía'),
(4, 18, 'Favoritos');

-- 
-- Dumping data for table participaciones
--
INSERT INTO participaciones VALUES
(1, 1, 1, 12, 0),
(2, 2, 1, 20, 0);

-- 
-- Dumping data for table generos
--
INSERT INTO generos VALUES
(5, 1, 'Adulto'),
(2, 1, 'Contemporáneo'),
(1, 1, 'Romance'),
(3, 2, 'Fantasía'),
(4, 2, 'Ficción'),
(7, 2, 'Juvenil'),
(6, 3, 'Clásico'),
(12, 3, 'Ficción'),
(13, 3, 'Histórico'),
(14, 4, 'Adulto'),
(15, 4, 'Contemporáneo'),
(16, 4, 'Romance'),
(99, 5, 'Juvenil'),
(8, 5, 'LGTB'),
(17, 6, 'Adulto'),
(18, 6, 'Contemporáneo'),
(19, 6, 'Romance'),
(100, 7, 'Fantasía'),
(101, 7, 'Juvenil'),
(20, 8, 'Fantasía'),
(21, 8, 'Juvenil'),
(22, 9, 'Adulto'),
(23, 9, 'Contemporáneo'),
(24, 9, 'Romance'),
(25, 10, 'Adulto'),
(26, 10, 'Contemporáneo'),
(27, 10, 'Fantasía'),
(28, 10, 'Romance'),
(29, 11, 'Fantasía'),
(9, 11, 'Histórico'),
(30, 11, 'Juvenil'),
(10, 11, 'Misterio'),
(31, 11, 'Romance'),
(32, 12, 'Fantasía'),
(37, 12, 'Juvenil'),
(33, 12, 'Romance'),
(34, 13, 'Fantasía'),
(35, 13, 'Juvenil'),
(36, 13, 'Romance'),
(38, 14, 'Adulto'),
(39, 14, 'Contemporáneo'),
(40, 14, 'Romance'),
(41, 15, 'Adulto'),
(42, 15, 'Contemporáneo'),
(43, 15, 'Ficción'),
(44, 15, 'LGTB'),
(45, 15, 'Romance'),
(46, 16, 'Fantasía'),
(47, 16, 'Juvenil'),
(48, 16, 'Romance'),
(49, 17, 'Fantasía'),
(50, 17, 'Juvenil'),
(51, 17, 'Romance'),
(52, 18, 'Fantasía'),
(53, 18, 'Juvenil'),
(54, 18, 'Romance'),
(55, 19, 'Adulto'),
(56, 19, 'Contemporáneo'),
(57, 19, 'Ficción'),
(11, 19, 'Thriller'),
(58, 20, 'Adulto'),
(59, 20, 'Contemporáneo'),
(60, 20, 'Ficción'),
(61, 21, 'Clásico'),
(62, 21, 'Ficción'),
(63, 21, 'Histórico'),
(64, 21, 'Romance'),
(65, 22, 'Clásico'),
(66, 22, 'Ficción'),
(67, 22, 'Romance'),
(68, 23, 'Contemporáneo'),
(69, 23, 'Fantasía'),
(70, 23, 'Juvenil'),
(71, 23, 'Romance'),
(72, 24, 'Fantasía'),
(73, 24, 'Juvenil'),
(74, 24, 'Romance'),
(75, 25, 'Adulto'),
(76, 25, 'Ficción'),
(77, 26, 'Adulto'),
(80, 26, 'Fantasía'),
(78, 26, 'Ficción'),
(79, 26, 'Misterio'),
(97, 27, 'Fantasía'),
(98, 27, 'Juvenil'),
(81, 28, 'Adulto'),
(82, 28, 'Contemporáneo'),
(83, 28, 'Fantasía'),
(84, 28, 'Ficción'),
(85, 28, 'Romance'),
(86, 29, 'Adulto'),
(87, 29, 'Contemporáneo'),
(88, 29, 'Ficción'),
(89, 29, 'Histórico'),
(90, 30, 'Clásico'),
(91, 30, 'Ficción'),
(92, 30, 'Histórico'),
(93, 30, 'Romance'),
(94, 31, 'Fantasía'),
(95, 31, 'Juvenil'),
(96, 31, 'Romance'),
(102, 32, 'Ficción'),
(103, 32, 'Histórico'),
(104, 32, 'Juvenil'),
(105, 32, 'Misterio');

-- 
-- Dumping data for table escriben
--
INSERT INTO escriben VALUES
(42, 1, 13),
(54, 1, 32),
(43, 2, 9),
(23, 3, 15),
(24, 3, 20),
(25, 4, 14),
(26, 5, 12),
(27, 5, 17),
(28, 5, 18),
(29, 6, 11),
(30, 7, 10),
(31, 8, 8),
(47, 8, 25),
(32, 9, 7),
(3, 10, 2),
(45, 10, 23),
(46, 10, 24),
(52, 10, 31),
(33, 11, 5),
(34, 12, 4),
(35, 12, 6),
(36, 12, 19),
(1, 13, 1),
(2, 14, 3),
(37, 15, 16),
(38, 16, 21),
(44, 16, 22),
(51, 16, 30),
(48, 18, 26),
(53, 18, 27),
(49, 19, 28),
(50, 20, 29);

-- 
-- Dumping data for table comentarios
--
INSERT INTO comentarios VALUES
(1, 1, 'Dios mío, absolutamente me comí esto. No estaba seguro de si me iba a gustar porque realmente no viví con Piper durante los primeros capítulos, pero una vez que llegamos a Washington y la historia realmente comenzó, no pude dejarlo.'),
(2, 1, 'ccc'),
(5, 3, 'Me encanta.'),
(6, 1, '<p>Prueba de comentario</p>');

-- 
-- Restore previous SQL mode
-- 
/*!40101 SET SQL_MODE=@OLD_SQL_MODE */;

-- 
-- Enable foreign keys
-- 
/*!40014 SET FOREIGN_KEY_CHECKS = @OLD_FOREIGN_KEY_CHECKS */;